Text,Label
"How do I prevent outside users from accessing my network?","NetworkAccess"
"How can I fix the Event ID 4625 failure?","EventIDFix"
"Generate a group policy to disable USB storage.","GroupPolicyGen"
"Block RDP connections from public internet.","NetworkAccess"
"What's causing Event ID 1001 crash?","EventIDFix"
"Create GPO to enforce password length 14.","GroupPolicyGen"
"Stop guest accounts from logging in remotely.","NetworkAccess"
"Resolve Event ID 7045 service install error.","EventIDFix"
"Policy for automatic Windows updates.","GroupPolicyGen"
"How to restrict Wi-Fi SSID visibility?","NetworkAccess"